postcode_sector,network,outage_type,outage_count,total_customers_affected,time_off_supply_hours_total_approx
SP3 4,SEPD,"LV,PSI",249,26065,2304.82
SO32 1,SEPD,"HV,LV,PSI",135,45706,1166.12
GU27 1,SEPD,LV,26,582,913.57
PO17 5,SEPD,"HV,LV,PSI",124,182961,845.62
BA11 1,SEPD,"HV,LV",68,7908,807.37
OX11 9,SEPD,"HV,LV,PSI",118,57980,441.5
GU10 4,SEPD,"HV,LV",112,3591,436.14
SO32 2,SEPD,"HV,LV,PSI",71,15138,424.88
RG10 0,SEPD,"HV,LV,PSI",165,23369,409.5
SL3 9,SEPD,"HV,LV",152,190821,382.69
OX14 4,SEPD,"HV,LV,PSI",79,210372,346.4
SO20 6,SEPD,"HV,PSI",87,14724,334.45
RG40 4,SEPD,"HV,LV,PSI",94,9773,333.36
BA12 7,SEPD,"HV,LV,PSI",55,8494,312.21
RG10 9,SEPD,"HV,LV,PSI",46,8499,306.37
BH21 4,SEPD,"HV,LV",113,61893,301.09
GU10 3,SEPD,"HV,LV,PSI",72,3288,290.37
AB54 4,SHEPD,PSI,62,13481,275.26
BA11 2,SEPD,"HV,LV",49,5612,257.4
GU32 2,SEPD,HV,24,3384,233.28
PO40 9,SEPD,LV,29,937,216.75
RG30 3,SEPD,"HV,LV",38,576,212.77
BH22 0,SEPD,"HV,LV,PSI",51,2053,209.12
TW14 9,SEPD,LV,19,603,208.3
SP6 3,SEPD,PSI,35,4569,205.53
PO17 6,SEPD,HV,36,38748,204.96
UB4 8,SEPD,"HV,LV",50,31211,197.72
HP11 1,SEPD,"LV,PSI",22,857,197.05
W5 1,SEPD,LV,17,277,196.96
IV22 2,SHEPD,"HV,LV,PSI",33,7751,190.69
GU24 8,SEPD,LV,7,168,189.0
RG26 5,SEPD,PSI,33,4419,188.21
SN15 3,SEPD,"HV,LV",126,555,176.27
FK14 7,SHEPD,PSI,44,2363,172.93
SL6 9,SEPD,"HV,LV",159,14339,171.13
TW4 7,SEPD,LV,15,574,168.14
BA20 2,SEPD,"HV,LV",24,1196,167.68
HP14 3,SEPD,"HV,LV,PSI",53,5377,167.35
SL7 1,SEPD,"HV,LV",54,5511,167.03
GU7 3,SEPD,"LV,PSI",40,16200,166.0
HP13 6,SEPD,"LV,PSI",25,956,164.48
SO21 1,SEPD,HV,24,5254,163.72
RG29 1,SEPD,"LV,PSI",43,5320,162.85
SL6 2,SEPD,"LV,PSI",20,916,158.46
OX7 3,SEPD,"HV,LV",34,1559,157.48
IV6 7,SHEPD,"LV,PSI",40,1063,156.15
RG22 4,SEPD,LV,16,508,147.67
GU9 8,SEPD,"HV,LV,PSI",46,15484,144.27
OX33 1,SEPD,"LV,PSI",29,3244,142.24
HP11 2,SEPD,LV,24,432,142.11
IV2 4,SHEPD,LV,38,906,140.96
SO31 6,SEPD,LV,11,164,139.27
AB51 8,SHEPD,PSI,18,328,139.05
SN11 0,SEPD,LV,22,660,138.16
HS2 9,SHEPD,"LV,PSI",33,8393,137.07
IV40 8,SHEPD,"LV,PSI",46,2229,134.8
OX4 3,SEPD,LV,10,180,134.24
IV18 0,SHEPD,"HV,LV",49,12416,132.96
BA21 3,SEPD,"HV,LV,PSI",39,785,129.72
IV27 4,SHEPD,"HV,PSI",44,7049,129.27
AB51 5,SHEPD,PSI,25,1571,128.15
SL2 1,SEPD,"HV,LV,PSI",32,1501,128.08
AB53 8,SHEPD,"HV,LV,PSI",44,1228,127.58
AB33 8,SHEPD,"HV,LV,PSI",42,1893,126.59
BA10 0,SEPD,"LV,PSI",22,631,126.04
RG7 2,SEPD,"HV,LV,PSI",25,2549,125.75
SL6 6,SEPD,"HV,LV",20,1355,125.56
PH16 5,SHEPD,"HV,PSI",45,988,125.06
OX7 5,SEPD,PSI,28,2491,124.85
BH20 4,SEPD,"HV,LV,PSI",363,1862412,123.83
BH8 0,SEPD,"HV,LV,PSI",76,2381,123.57
KW17 2,SHEPD,"HV,PSI",38,924,122.77
BA14 0,SEPD,LV,12,230,122.6
SN14 7,SEPD,"LV,PSI",31,1049,121.1
GU14 8,SEPD,"HV,LV,PSI",37,11112,119.67
PO37 7,SEPD,LV,11,280,115.84
PO18 9,SEPD,"HV,LV",56,1534,114.52
KW14 8,SHEPD,"HV,LV,PSI",20,778,112.54
HP12 3,SEPD,LV,15,430,111.98
OX14 5,SEPD,LV,58,2043,111.6
DT2 9,SEPD,"HV,PSI",18,10646,111.48
BA21 5,SEPD,"HV,LV",29,659,110.29
DT3 4,SEPD,HV,54,895,109.99
SP5 3,SEPD,"HV,LV,PSI",22,432,109.88
IV15 9,SHEPD,"HV,LV",7,157,108.11
W7 1,SEPD,LV,4,116,107.52
BA12 0,SEPD,PSI,2,336,105.78
UB5 4,SEPD,LV,18,792,104.58
BA22 8,SEPD,"HV,LV,PSI",104,22145,104.45
DT2 0,SEPD,"HV,LV,PSI",17,1101,102.94
BA9 9,SEPD,PSI,21,4454,102.85
SN6 6,SEPD,"HV,PSI",124,71391,102.04
DD7 7,SHEPD,HV,5,75,100.95
DT9 4,SEPD,"HV,LV,PSI",59,2440,99.73
AB51 0,SHEPD,PSI,12,554,99.0
DT3 5,SEPD,LV,14,618,98.58
GU8 4,SEPD,"LV,PSI",15,352,98.05
SL4 4,SEPD,"HV,LV,PSI",28,1294,97.27
SN4 0,SEPD,"HV,PSI",102,11991,96.99
AB52 6,SHEPD,PSI,15,734,95.79
DT10 2,SEPD,"LV,PSI",8,244,95.48
DD9 7,SHEPD,"HV,LV,PSI",101,44761,95.26
SO14 1,SEPD,LV,7,42,94.76
AB43 6,SHEPD,"HV,PSI",38,4998,94.59
PO7 6,SEPD,"HV,LV",31,995,93.3
GU8 6,SEPD,"HV,PSI",24,804,93.19
RG28 7,SEPD,"HV,PSI",31,1623,92.84
PH15 2,SHEPD,"HV,PSI",32,1859,92.41
HS9 5,SHEPD,"LV,PSI",25,1031,92.29
IV30 8,SHEPD,"HV,LV,PSI",42,1922,92.22
GL7 4,SEPD,"HV,LV,PSI",18,1657,91.75
DT11 9,SEPD,"HV,PSI",28,14290,91.44
BA13 4,SEPD,"HV,PSI",78,38239,90.46
RG8 0,SEPD,"HV,LV,PSI",37,868,88.96
OX4 1,SEPD,"LV,PSI",22,908,88.25
SN11 8,SEPD,LV,61,1515,88.18
PH33 7,SHEPD,"HV,LV,PSI",42,1787,87.61
DT11 7,SEPD,"HV,LV,PSI",20,2020,86.37
BH21 6,SEPD,HV,8,608,86.08
SN8 3,SEPD,"HV,LV,PSI",30,326,85.96
OX28 6,SEPD,"LV,PSI",23,683,85.54
SO18 2,SEPD,"HV,LV",29,17852,85.47
FK19 8,SHEPD,PSI,19,5354,85.13
SN3 1,SEPD,"HV,LV",31,594,84.67
OX7 4,SEPD,"HV,PSI",37,2912,84.35
SP7 0,SEPD,"HV,LV,PSI",19,682,84.23
RG20 8,SEPD,"HV,PSI",26,1887,83.99
GU16 6,SEPD,"HV,LV,PSI",51,2164,83.35
BH21 1,SEPD,"HV,LV",181,116870,82.85
SO50 8,SEPD,LV,9,225,82.53
SN14 8,SEPD,"HV,LV,PSI",20,401,81.34
SN5 5,SEPD,"HV,LV",91,102708,80.52
SO50 5,SEPD,"HV,LV",139,156891,78.48
IV2 6,SHEPD,"HV,PSI",15,298,78.25
PA75 6,SHEPD,"HV,PSI",9,153,78.2
TW18 4,SEPD,"LV,PSI",7,74,78.1
PH26 3,SHEPD,PSI,16,749,77.85
HP15 7,SEPD,LV,9,123,77.43
SP7 9,SEPD,"LV,PSI",24,1851,77.0
SW18 1,SEPD,"LV,PSI",22,3214,76.59
KA27 8,SHEPD,"HV,PSI",26,1284,75.84
GU12 6,SEPD,"LV,PSI",24,696,75.72
RG6 1,SEPD,"HV,LV",21,9950,75.7
PO9 1,SEPD,LV,24,414,75.27
OX13 6,SEPD,LV,9,173,75.12
PO20 8,SEPD,LV,12,125,74.97
AB43 7,SHEPD,"HV,PSI",24,2959,74.9
IV20 1,SHEPD,HV,21,2563,74.75
OX18 2,SEPD,LV,25,771,74.74
HS3 3,SHEPD,"HV,LV,PSI",22,1732,74.7
IV7 8,SHEPD,"LV,PSI",20,832,74.33
AB37 9,SHEPD,PSI,20,394,74.29
TW8 8,SEPD,"LV,PSI",14,250,72.96
TW8 0,SEPD,LV,12,216,72.96
SN5 4,SEPD,"HV,PSI",18,1800,72.66
DD2 3,SHEPD,"LV,PSI",23,2510,72.54
GU10 2,SEPD,"HV,PSI",19,667,71.61
TW13 6,SEPD,"LV,PSI",8,148,71.19
HS2 0,SHEPD,"HV,LV,PSI",49,5407,71.07
PH2 8,SHEPD,"LV,PSI",11,119,70.87
RG12 0,SEPD,LV,12,354,70.65
RG10 8,SEPD,"LV,PSI",15,657,70.52
RG9 5,SEPD,"HV,PSI",39,5798,69.83
AB55 6,SHEPD,"HV,PSI",37,2795,69.28
SN3 4,SEPD,"HV,LV,PSI",23,781,68.61
RH14 9,SEPD,"HV,LV,PSI",31,734,68.48
SO24 9,SEPD,PSI,13,775,68.39
PO19 7,SEPD,LV,6,192,68.34
GU34 4,SEPD,"HV,PSI",34,4926,68.11
DD9 6,SHEPD,"HV,LV,PSI",61,27354,68.06
BH23 7,SEPD,PSI,14,200,67.32
AB56 5,SHEPD,PSI,10,208,67.28
PO36 9,SEPD,LV,4,46,67.26
BH24 1,SEPD,"HV,LV",15,714,67.01
SO32 3,SEPD,"HV,LV,PSI",13,1131,65.62
BH6 3,SEPD,LV,8,288,65.44
GU32 1,SEPD,"HV,PSI",11,1241,65.27
RG27 9,SEPD,PSI,14,595,65.24
PH18 5,SHEPD,PSI,20,754,64.17
BH19 1,SEPD,LV,15,337,63.07
FK17 8,SHEPD,PSI,11,308,61.05
SN6 7,SEPD,"HV,LV,PSI",17,1070,60.79
BH23 8,SEPD,PSI,20,549,60.62
OX20 1,SEPD,"HV,LV,PSI",36,578,60.54
PO8 9,SEPD,"LV,PSI",11,130,60.54
SP11 6,SEPD,"HV,LV,PSI",16,618,59.98
GU34 5,SEPD,"LV,PSI",22,631,59.95
OX1 5,SEPD,"HV,LV,PSI",52,34405,59.74
SN4 7,SEPD,"LV,PSI",17,865,59.51
SN4 8,SEPD,LV,4,128,59.48
PO14 4,SEPD,"HV,LV",6,125,59.15
GU47 0,SEPD,LV,13,317,59.04
RG9 6,SEPD,"HV,LV,PSI",37,4355,58.6
SO16 5,SEPD,LV,3,69,58.41
SN3 2,SEPD,LV,10,225,58.05
RG8 8,SEPD,"HV,LV,PSI",31,922,57.47
SO43 7,SEPD,"LV,PSI",12,234,57.27
GU31 5,SEPD,"HV,PSI",22,2282,56.92
PH2 7,SHEPD,"LV,PSI",18,366,56.66
GU51 3,SEPD,LV,9,42,55.2
AB31 4,SHEPD,"HV,LV,PSI",21,865,55.12
SN5 6,SEPD,LV,7,371,55.09
KY13 0,SHEPD,PSI,24,1289,54.88
BH23 6,SEPD,"HV,LV,PSI",12,387,54.67
PO18 8,SEPD,"HV,PSI",37,3411,54.44
GU46 6,SEPD,LV,4,148,54.28
BH1 1,SEPD,"HV,LV",6,1347,54.1
SL6 3,SEPD,"LV,PSI",23,667,54.04
SN10 4,SEPD,"HV,PSI",12,455,53.93
IV51 9,SHEPD,"HV,LV,PSI",21,1129,53.34
DT3 6,SEPD,LV,7,134,53.27
RG42 3,SEPD,"LV,PSI",18,2608,53.08
IV55 8,SHEPD,PSI,23,1904,52.7
BA9 8,SEPD,"HV,PSI",29,3492,52.68
GL7 7,SEPD,"HV,PSI",14,1602,52.68
UB8 1,SEPD,LV,28,580,52.04
PO20 7,SEPD,"LV,PSI",22,870,51.84
BH23 2,SEPD,"HV,LV,PSI",17,360,51.67
OX49 5,SEPD,"HV,PSI",38,6915,51.53
OX10 9,SEPD,HV,7,1925,51.31
PO8 8,SEPD,LV,9,112,51.05
BH8 9,SEPD,"HV,LV",63,1903,50.63
RH14 0,SEPD,LV,12,126,50.4
DD4 6,SHEPD,LV,14,518,50.26
RG9 3,SEPD,LV,16,208,49.84
DT4 0,SEPD,HV,14,3892,49.84
BH15 4,SEPD,"HV,LV",27,25810,49.7
GU28 0,SEPD,"HV,LV,PSI",24,1490,49.08
SN15 5,SEPD,"LV,PSI",18,640,48.87
BH16 5,SEPD,"HV,LV,PSI",220,753977,48.79
SP4 7,SEPD,"LV,PSI",13,399,48.78
BA8 0,SEPD,"LV,PSI",12,1181,48.68
GU32 3,SEPD,"HV,PSI",13,1217,48.6
OX29 8,SEPD,PSI,11,1727,48.29
DT11 0,SEPD,"HV,LV,PSI",80,24365,48.04
SN3 5,SEPD,LV,6,162,47.82
SO16 2,SEPD,LV,11,484,47.41
SO19 8,SEPD,LV,6,258,47.1
OX14 3,SEPD,"HV,LV,PSI",47,164010,46.89
RG27 0,SEPD,"HV,LV",20,2338,46.73
OX27 8,SEPD,"HV,PSI",12,710,46.21
PH13 9,SHEPD,"LV,PSI",6,84,46.13
GU8 5,SEPD,PSI,8,370,45.84
PO21 3,SEPD,LV,12,300,45.58
IV14 9,SHEPD,"HV,LV",17,1566,45.48
SN2 7,SEPD,LV,12,152,45.47
HP9 2,SEPD,LV,8,78,44.85
W4 2,SEPD,LV,21,558,44.55
SO41 0,SEPD,"LV,PSI",8,109,44.16
OX4 2,SEPD,LV,4,76,44.04
OX14 2,SEPD,"LV,PSI",28,1071,43.86
SN3 6,SEPD,HV,6,720,43.7
SO52 9,SEPD,"LV,PSI",14,456,43.63
DD8 1,SHEPD,"HV,LV,PSI",33,1430,43.4
OX12 0,SEPD,LV,5,80,42.9
BH17 7,SEPD,"LV,PSI",14,483,42.88
IV3 5,SHEPD,"LV,PSI",27,810,42.75
SN4 9,SEPD,"HV,PSI",11,467,42.61
BA12 6,SEPD,"HV,PSI",12,833,42.28
PH10 6,SHEPD,"LV,PSI",26,435,42.13
DD4 7,SHEPD,LV,23,478,41.89
UB3 1,SEPD,LV,13,321,41.09
RG17 9,SEPD,LV,11,308,40.81
DD3 9,SHEPD,LV,7,133,40.74
PO14 2,SEPD,LV,3,63,40.62
RG14 2,SEPD,"LV,PSI",8,322,40.58
RG23 7,SEPD,PSI,15,430,40.47
RG20 9,SEPD,"HV,LV,PSI",12,490,40.25
AB53 4,SHEPD,"HV,PSI",8,175,40.17
DT4 9,SEPD,"HV,LV,PSI",8,405,40.13
PO16 7,SEPD,"HV,LV,PSI",9,4837,39.99
SN10 3,SEPD,PSI,15,1605,39.45
W5 3,SEPD,"HV,LV",126,185950,38.5
RG5 3,SEPD,"HV,LV",10,8036,38.44
SP8 4,SEPD,"LV,PSI",8,125,38.19
RG7 5,SEPD,PSI,17,462,37.9
SO30 3,SEPD,"LV,PSI",13,505,37.68
PO15 6,SEPD,"LV,PSI",22,725,37.52
OX5 3,SEPD,PSI,8,370,37.46
OX3 0,SEPD,"LV,PSI",29,857,37.44
PO20 1,SEPD,"LV,PSI",16,376,37.04
SL3 7,SEPD,"HV,LV",9,6945,36.95
OX3 9,SEPD,"HV,LV,PSI",15,637,36.79
PA20 9,SHEPD,"HV,LV,PSI",14,1247,36.6
OX15 0,SEPD,"LV,PSI",9,567,36.55
DT11 8,SEPD,"HV,PSI",10,1169,36.5
PA37 1,SHEPD,"HV,LV,PSI",26,2788,36.4
RG25 3,SEPD,"HV,PSI",9,537,36.32
RG14 7,SEPD,"HV,LV,PSI",8,327,36.26
PO4 0,SEPD,LV,5,81,36.24
SP3 5,SEPD,PSI,9,711,36.07
SL9 8,SEPD,PSI,2,19,35.83
PH36 4,SHEPD,PSI,13,3394,35.45
PO36 0,SEPD,"LV,PSI",24,1574,35.37
AB15 9,SHEPD,"HV,LV,PSI",250,1115306,35.12
SO53 4,SEPD,LV,9,234,34.92
BH20 7,SEPD,"HV,PSI",81,572655,34.22
PO22 9,SEPD,LV,11,161,34.2
BH20 6,SEPD,"HV,LV,PSI",132,295109,33.86
TW14 0,SEPD,"LV,PSI",6,93,33.66
RG14 5,SEPD,"HV,LV,PSI",19,1089,33.18
SP5 1,SEPD,"HV,PSI",17,910,33.13
RG8 7,SEPD,"LV,PSI",10,468,33.13
GL54 3,SEPD,HV,30,1242,32.97
BH15 2,SEPD,"HV,LV",14,275,32.73
SO18 3,SEPD,"LV,PSI",5,56,32.68
GU30 7,SEPD,"HV,LV,PSI",21,292,32.63
AB34 5,SHEPD,"HV,PSI",35,2889,32.53
SO45 1,SEPD,"LV,PSI",16,247,32.46
IV17 0,SHEPD,"LV,PSI",6,122,32.32
BA20 1,SEPD,LV,5,215,32.25
IV2 3,SHEPD,"LV,PSI",23,2142,32.24
PO39 0,SEPD,"HV,LV",9,690,31.88
RG20 0,SEPD,"HV,PSI",32,3521,31.39
SP10 1,SEPD,LV,5,185,31.35
SL6 0,SEPD,HV,35,21511,31.28
NE13 9,SHEPD,LV,6,228,31.02
IV42 8,SHEPD,"LV,PSI",6,204,30.97
PO12 2,SEPD,LV,18,384,30.9
PO30 2,SEPD,PSI,10,330,30.8
SN6 8,SEPD,"HV,LV,PSI",7,262,30.51
RG42 6,SEPD,"HV,LV",12,360,30.5
BH9 3,SEPD,LV,6,168,30.48
SP8 5,SEPD,PSI,10,244,30.3
BH14 0,SEPD,LV,9,81,30.3
IV12 5,SHEPD,"HV,PSI",11,1059,30.26
PO30 4,SEPD,PSI,13,335,30.25
RG1 2,SEPD,LV,26,1065,30.15
PO9 4,SEPD,LV,10,124,29.94
BH14 8,SEPD,"LV,PSI",9,375,29.74
RG6 3,SEPD,"LV,PSI",12,477,29.37
SN16 9,SEPD,PSI,8,598,29.37
BA21 4,SEPD,"HV,LV",9,260,29.24
SN8 2,SEPD,PSI,15,1216,28.81
PO8 0,SEPD,"HV,PSI",7,266,28.8
PA33 1,SHEPD,"HV,LV,PSI",9,300,28.72
DD10 0,SHEPD,"HV,PSI",10,223,28.59
RG19 8,SEPD,"HV,LV,PSI",11,663,28.56
BH20 5,SEPD,"HV,LV,PSI",135,945417,28.48
PO16 8,SEPD,"HV,LV",7,171,28.46
PO33 1,SEPD,PSI,4,448,28.4
UB8 2,SEPD,"HV,LV",13,441,28.36
DD2 2,SHEPD,LV,5,65,28.35
SO23 8,SEPD,"HV,LV,PSI",12,964,28.28
SO17 3,SEPD,LV,3,9,28.02
BH23 3,SEPD,LV,16,384,28.0
KW3 6,SHEPD,PSI,5,180,27.75
RG20 6,SEPD,PSI,5,200,27.75
AB42 3,SHEPD,PSI,10,141,27.59
OX2 6,SEPD,PSI,4,96,27.4
BA12 9,SEPD,"HV,LV,PSI",10,164,27.33
OX13 5,SEPD,LV,10,190,26.44
OX25 5,SEPD,PSI,11,555,26.37
SO19 7,SEPD,LV,7,297,26.35
SO42 7,SEPD,"HV,LV,PSI",8,311,26.23
DT9 6,SEPD,"HV,LV,PSI",11,512,26.05
PO7 8,SEPD,LV,7,161,26.04
HP13 7,SEPD,"LV,PSI",18,1684,25.83
BH9 2,SEPD,"HV,LV",11,262,25.83
ZE2 9,SHEPD,"HV,LV,PSI",20,939,25.77
RG27 8,SEPD,"HV,PSI",8,358,25.71
RG2 9,SEPD,LV,6,60,25.46
SO18 5,SEPD,"LV,PSI",8,150,25.41
UB3 5,SEPD,LV,9,126,25.29
RG12 8,SEPD,"HV,PSI",16,2110,25.22
PA32 8,SHEPD,"HV,PSI",7,524,24.9
DT2 8,SEPD,"HV,LV,PSI",36,10723,24.66
SP5 2,SEPD,"HV,PSI",6,234,24.48
PO2 7,SEPD,LV,14,508,24.4
IV10 8,SHEPD,PSI,4,52,24.2
OX7 7,SEPD,"HV,PSI",10,408,23.97
GU15 3,SEPD,LV,3,27,23.91
SO20 8,SEPD,"LV,PSI",14,381,23.89
SO21 3,SEPD,PSI,14,501,23.89
SN25 2,SEPD,"HV,PSI",12,1604,23.65
BA15 2,SEPD,PSI,4,140,23.6
SO30 2,SEPD,"LV,PSI",16,610,23.56
AB38 7,SHEPD,"HV,LV,PSI",22,607,23.49
GU29 9,SEPD,LV,5,165,23.45
RG7 1,SEPD,"HV,PSI",9,370,23.44
BA4 4,SEPD,PSI,4,108,23.4
SN12 7,SEPD,HV,8,544,23.36
BH21 2,SEPD,"HV,LV",150,267468,23.01
RG41 2,SEPD,HV,16,96,23.01
PO33 2,SEPD,LV,7,238,22.96
PH1 4,SHEPD,"HV,LV,PSI",10,125,22.95
OX44 9,SEPD,"HV,PSI",11,30767,22.7
SO53 2,SEPD,LV,6,72,22.59
SO23 0,SEPD,LV,29,1824,22.49
DD11 2,SHEPD,PSI,5,165,22.45
SO40 4,SEPD,PSI,4,200,22.32
OX29 7,SEPD,"HV,LV,PSI",46,361,21.9
BH21 7,SEPD,"HV,LV,PSI",13,10086,21.8
SO19 1,SEPD,LV,3,84,21.78
GL7 5,SEPD,"HV,LV,PSI",37,2431,21.76
GU3 1,SEPD,"LV,PSI",13,1125,21.76
DD5 3,SHEPD,LV,29,467,21.55
GU10 1,SEPD,PSI,3,222,21.54
SO24 0,SEPD,"HV,PSI",27,3074,21.5
PA42 7,SHEPD,PSI,5,41,21.04
OX18 4,SEPD,LV,5,71,20.78
PO31 8,SEPD,LV,4,76,20.72
SO16 7,SEPD,PSI,9,306,20.64
BH13 7,SEPD,PSI,17,508,20.58
AB53 6,SHEPD,PSI,7,140,20.51
PA29 6,SHEPD,"HV,PSI",9,140,20.43
AB51 3,SHEPD,LV,10,64,20.31
RG4 9,SEPD,"HV,LV",7,1679,20.31
SP4 6,SEPD,"LV,PSI",9,102,20.25
DT5 1,SEPD,HV,20,160,20.16
PO9 2,SEPD,"LV,PSI",3,29,20.08
RG17 0,SEPD,LV,4,40,19.98
OX10 6,SEPD,"HV,PSI",94,455510,19.8
RG26 4,SEPD,LV,5,60,19.8
W3 6,SEPD,LV,12,306,19.65
SN8 1,SEPD,LV,4,56,19.64
UB9 6,SEPD,HV,108,145841,19.63
AB55 4,SHEPD,"HV,PSI",7,138,19.5
BH12 3,SEPD,PSI,3,96,19.44
DT9 3,SEPD,"HV,LV,PSI",8,317,19.41
SN2 5,SEPD,LV,27,1323,19.35
BH15 1,SEPD,"HV,LV",12,8287,19.35
SL6 4,SEPD,LV,10,150,19.25
W4 5,SEPD,LV,4,168,19.12
PA34 4,SHEPD,"LV,PSI",10,74,19.05
BH15 3,SEPD,LV,5,46,18.95
IV4 7,SHEPD,"HV,PSI",5,260,18.92
KW9 6,SHEPD,PSI,4,352,18.8
GU14 6,SEPD,PSI,11,2398,18.59
UB10 0,SEPD,LV,4,64,18.56
SL1 2,SEPD,"LV,PSI",7,543,18.52
OX5 2,SEPD,"HV,PSI",11,386,18.38
GU34 3,SEPD,HV,5,681,18.32
SO45 6,SEPD,HV,43,35475,18.16
PO30 5,SEPD,"LV,PSI",13,280,18.15
IV2 5,SHEPD,"HV,LV,PSI",23,2436,18.12
AB43 8,SHEPD,PSI,14,260,18.1
PO32 6,SEPD,LV,6,93,18.09
PO33 3,SEPD,"LV,PSI",22,3074,18.06
SL4 6,SEPD,"HV,LV",9,4521,18.06
AB11 6,SHEPD,"HV,LV,PSI",8,424,17.68
PA31 8,SHEPD,"HV,LV",11,132,17.61
GU35 0,SEPD,PSI,4,178,17.58
GU29 0,SEPD,"HV,PSI",14,1094,17.54
PO16 0,SEPD,"LV,PSI",16,285,17.4
BH23 5,SEPD,LV,5,70,17.4
SO50 7,SEPD,"HV,PSI",3,453,17.25
SO16 3,SEPD,LV,4,176,17.24
SO45 3,SEPD,"LV,PSI",4,35,17.22
SP4 9,SEPD,PSI,3,337,17.13
GL54 4,SEPD,"HV,LV",34,1518,17.0
IV23 2,SHEPD,"HV,PSI",6,213,17.0
GU26 6,SEPD,"LV,PSI",11,86,16.8
SL7 3,SEPD,"LV,PSI",11,444,16.8
SP11 0,SEPD,PSI,5,170,16.65
AB21 7,SHEPD,PSI,3,123,16.65
PO9 5,SEPD,"LV,PSI",14,322,16.58
OX12 7,SEPD,"LV,PSI",8,193,16.42
W3 0,SEPD,"HV,LV",9,2665,16.23
GU25 4,SEPD,"LV,PSI",4,59,16.14
DD2 5,SHEPD,"LV,PSI",15,1203,16.1
TW4 6,SEPD,LV,4,32,16.05
PO11 9,SEPD,LV,16,422,15.93
GU9 7,SEPD,LV,9,188,15.68
SL7 2,SEPD,PSI,8,408,15.6
IV21 2,SHEPD,HV,30,2700,15.58
SO23 9,SEPD,LV,27,1485,15.57
DD5 4,SHEPD,LV,8,101,15.51
SO51 6,SEPD,"HV,PSI",6,144,15.44
AB30 1,SHEPD,"HV,LV,PSI",9,247,15.4
SN13 0,SEPD,"LV,PSI",12,114,15.3
OX3 7,SEPD,PSI,4,188,15.28
DD2 4,SHEPD,LV,15,280,15.21
RG30 2,SEPD,"LV,PSI",5,93,15.17
SL5 9,SEPD,"LV,PSI",9,140,14.88
OX28 4,SEPD,PSI,4,236,14.88
UB7 9,SEPD,LV,1,20,14.88
BH24 3,SEPD,"LV,PSI",4,74,14.86
AB38 9,SHEPD,PSI,7,215,14.82
BA11 3,SEPD,"HV,LV",12,505,14.67
AB31 5,SHEPD,"HV,PSI",37,83076,14.66
AB54 7,SHEPD,PSI,7,135,14.44
SP10 2,SEPD,LV,4,52,14.16
RG42 7,SEPD,LV,5,25,14.0
SO21 2,SEPD,HV,1,2,13.86
SO51 0,SEPD,"LV,PSI",7,68,13.81
IV5 7,SHEPD,LV,2,4,13.8
BN18 0,SEPD,"LV,PSI",5,94,13.74
PH33 6,SHEPD,"HV,PSI",4,233,13.55
RG12 2,SEPD,LV,11,109,13.32
OX10 7,SEPD,"HV,LV,PSI",128,623766,13.3
ZE1 0,SHEPD,LV,3,27,13.29
BH9 1,SEPD,HV,16,496,13.28
EH52 6,SHEPD,LV,5,115,13.2
IV1 3,SHEPD,PSI,3,54,13.11
PO15 5,SEPD,"LV,PSI",4,90,13.08
UB2 5,SEPD,LV,6,138,12.9
SN1 2,SEPD,"LV,PSI",4,22,12.88
SN7 8,SEPD,"LV,PSI",6,37,12.81
RG4 7,SEPD,LV,4,56,12.8
PA38 4,SHEPD,PSI,3,108,12.72
SP10 5,SEPD,"LV,PSI",5,76,12.69
TW16 5,SEPD,LV,2,20,12.52
OX26 6,SEPD,"LV,PSI",9,361,12.47
IV36 2,SHEPD,"HV,PSI",5,377,12.35
RG23 8,SEPD,"HV,LV,PSI",18,4278,12.32
TW16 6,SEPD,LV,6,90,12.3
OX26 4,SEPD,LV,5,65,12.3
SL5 8,SEPD,LV,3,24,12.3
DD11 3,SHEPD,"LV,PSI",10,157,12.29
UB7 0,SEPD,LV,5,70,12.1
IV30 4,SHEPD,LV,5,95,11.75
OX7 6,SEPD,PSI,6,96,11.7
UB1 2,SEPD,LV,11,357,11.61
RG18 3,SEPD,LV,4,56,11.52
SO17 2,SEPD,LV,21,935,11.5
DT9 5,SEPD,PSI,2,114,11.38
SO31 7,SEPD,PSI,2,16,11.34
KW14 7,SHEPD,"HV,LV,PSI",11,229,11.25
AB41 8,SHEPD,"HV,LV",6,129,11.15
GU28 9,SEPD,"HV,PSI",6,142,11.14
AB16 5,SHEPD,PSI,7,123,11.12
GL7 1,SEPD,"LV,PSI",6,242,11.1
SP3 6,SEPD,"HV,PSI",8,287,11.05
PO35 5,SEPD,LV,5,125,10.95
IV54 8,SHEPD,"HV,LV,PSI",33,387,10.9
SO19 0,SEPD,LV,1,20,10.89
SP6 2,SEPD,"LV,PSI",9,141,10.83
BA2 7,SEPD,"HV,LV",10,86,10.8
AB10 6,SHEPD,"HV,LV",34,26081,10.65
DT1 2,SEPD,LV,9,141,10.62
PO13 9,SEPD,LV,3,36,10.62
RG12 7,SEPD,LV,5,84,10.58
WD3 8,SEPD,HV,7,1134,10.57
PH6 2,SHEPD,HV,6,534,10.26
FK15 0,SHEPD,PSI,2,42,10.26
HP12 4,SEPD,LV,10,159,10.09
AB14 0,SHEPD,"HV,LV",55,256751,10.08
GU27 2,SEPD,LV,21,240,10.08
RG14 1,SEPD,LV,5,90,10.0
OX25 2,SEPD,PSI,4,20,10.0
SO14 2,SEPD,"HV,LV",2,367,9.97
SP7 8,SEPD,"LV,PSI",20,191,9.88
BA12 8,SEPD,LV,19,513,9.6
HS8 5,SHEPD,"LV,PSI",6,110,9.44
PH34 4,SHEPD,PSI,4,64,9.31
BH23 4,SEPD,"HV,LV",12,16592,9.27
DD8 2,SHEPD,PSI,2,10,9.26
BH24 2,SEPD,"LV,PSI",2,37,9.17
SN10 5,SEPD,"HV,LV",7,1779,9.09
AB51 7,SHEPD,PSI,2,56,9.08
SL4 2,SEPD,HV,2,2223,9.03
DD4 8,SHEPD,LV,2,30,9.0
SN15 1,SEPD,PSI,2,60,8.96
RG30 4,SEPD,LV,6,78,8.94
RG7 4,SEPD,PSI,4,54,8.87
BH7 7,SEPD,"HV,PSI",3,93,8.85
BA7 7,SEPD,PSI,2,22,8.84
SO50 4,SEPD,"LV,PSI",8,206,8.78
PH2 9,SHEPD,PSI,3,33,8.56
KW1 5,SHEPD,"LV,PSI",20,269,8.52
PA28 6,SHEPD,"LV,PSI",12,239,8.45
SP4 0,SEPD,PSI,3,66,8.4
KW15 1,SHEPD,"HV,PSI",7,140,8.38
BH19 3,SEPD,"HV,LV",9,32713,8.37
KW11 6,SHEPD,HV,3,237,8.34
KW13 6,SHEPD,HV,3,237,8.34
OX11 7,SEPD,PSI,2,22,8.32
CR4 2,SEPD,HV,1,78,8.25
SL5 7,SEPD,LV,2,16,8.2
BH6 4,SEPD,LV,1,36,8.18
PH35 4,SHEPD,PSI,3,32,8.12
IV2 7,SHEPD,"HV,PSI",5,380,8.11
IV30 1,SHEPD,"HV,LV",4,83,8.05
FK9 4,SHEPD,"HV,PSI",7,143,8.04
GU35 9,SEPD,PSI,2,100,8.02
W13 9,SEPD,LV,6,88,7.95
SO19 2,SEPD,LV,1,43,7.85
BH23 1,SEPD,"LV,PSI",6,254,7.8
BH18 8,SEPD,PSI,4,192,7.8
TW19 5,SEPD,PSI,2,6,7.6
SO15 5,SEPD,LV,3,81,7.56
PO22 8,SEPD,"LV,PSI",5,86,7.46
SO41 6,SEPD,"HV,LV,PSI",16,1406,7.44
SN15 4,SEPD,PSI,2,10,7.44
OX39 4,SEPD,"HV,PSI",6,99,7.34
RG6 7,SEPD,LV,3,67,7.26
DT4 8,SEPD,"HV,LV",2,312,7.21
SO51 8,SEPD,LV,5,125,7.2
RG21 3,SEPD,PSI,1,68,7.18
BH25 5,SEPD,LV,2,28,7.12
PO15 7,SEPD,HV,1,1588,7.12
IV1 1,SHEPD,PSI,2,24,7.01
PO18 0,SEPD,"HV,LV",16,92,6.99
AB54 6,SHEPD,PSI,3,23,6.99
PA78 6,SHEPD,HV,1,12,6.94
RG20 2,SEPD,PSI,1,62,6.85
RG45 6,SEPD,"HV,LV",15,4263,6.76
AB35 5,SHEPD,PSI,8,164,6.76
HP8 4,SEPD,PSI,4,128,6.76
BH12 4,SEPD,"LV,PSI",5,87,6.7
IV19 1,SHEPD,PSI,2,44,6.7
PO11 0,SEPD,"LV,PSI",6,42,6.66
RG5 4,SEPD,"HV,LV",44,67030,6.64
PO34 5,SEPD,LV,9,124,6.64
PH14 9,SHEPD,PSI,2,103,6.64
PO14 1,SEPD,PSI,1,24,6.54
RG9 1,SEPD,LV,4,72,6.52
AB41 9,SHEPD,LV,9,105,6.51
W13 0,SEPD,"HV,LV",5,3112,6.45
KW10 6,SHEPD,LV,3,12,6.45
RG24 9,SEPD,"LV,PSI",7,107,6.37
DD11 4,SHEPD,"HV,PSI",4,51,6.3
SN15 2,SEPD,"HV,LV,PSI",11,377,6.24
IV28 3,SHEPD,PSI,3,75,6.24
SN5 0,SEPD,"LV,PSI",2,40,6.2
SO16 9,SEPD,PSI,1,14,6.15
SO19 9,SEPD,LV,24,798,6.12
SL1 1,SEPD,LV,6,114,6.12
SO41 9,SEPD,LV,3,21,6.12
KA28 0,SHEPD,"LV,PSI",10,228,6.09
PA44 7,SHEPD,PSI,3,24,6.09
PO37 6,SEPD,LV,3,18,6.09
SN1 4,SEPD,PSI,1,102,6.03
AB41 7,SHEPD,PSI,2,22,6.01
SL9 0,SEPD,"LV,PSI",4,114,5.92
SP2 7,SEPD,PSI,2,8,5.92
HS6 5,SHEPD,"HV,LV,PSI",9,65,5.9
IV16 9,SHEPD,PSI,1,5,5.9
RG20 5,SEPD,PSI,1,28,5.9
RG6 4,SEPD,LV,15,631,5.85
RG25 2,SEPD,"HV,PSI",11,360,5.85
PH12 8,SHEPD,PSI,3,9,5.85
SN14 6,SEPD,"LV,PSI",2,7,5.85
SO22 5,SEPD,LV,4,52,5.76
RG1 1,SEPD,LV,10,111,5.75
OX27 9,SEPD,PSI,22,5192,5.72
SL2 3,SEPD,"LV,PSI",3,107,5.72
OX9 2,SEPD,PSI,1,35,5.7
SP30 3,SEPD,LV,1,16,5.7
GU15 6,SEPD,PSI,1,11,5.69
SO31 1,SEPD,"LV,PSI",6,79,5.67
RG40 3,SEPD,"HV,LV,PSI",12,2390,5.58
OX26 2,SEPD,LV,11,168,5.56
AB21 0,SHEPD,PSI,2,50,5.55
PO14 3,SEPD,LV,9,129,5.52
SO41 8,SEPD,"LV,PSI",6,88,5.41
PA47 7,SHEPD,PSI,1,13,5.41
SL1 5,SEPD,HV,9,441,5.4
BA15 1,SEPD,PSI,2,8,5.38
OX29 9,SEPD,LV,5,70,5.3
GU34 2,SEPD,"LV,PSI",11,498,5.29
AB56 4,SHEPD,PSI,2,8,5.28
RH20 1,SEPD,HV,13,2310,5.26
SL1 6,SEPD,HV,4,196,5.2
SN16 0,SEPD,PSI,1,3,5.16
SP1 3,SEPD,"LV,PSI",4,104,5.14
SP1 1,SEPD,"LV,PSI",3,113,5.14
DD3 6,SHEPD,LV,2,4,5.14
FK15 9,SHEPD,PSI,1,21,5.13
SP2 0,SEPD,LV,4,32,5.12
KY13 9,SHEPD,"HV,PSI",6,285,5.07
SW18 4,SEPD,"LV,PSI",2,220,5.05
SL5 0,SEPD,LV,2,12,5.04
AB11 9,SHEPD,LV,4,72,4.96
G63 0,SHEPD,PSI,5,220,4.85
HP10 8,SEPD,"HV,PSI",5,1153,4.84
SO14 3,SEPD,LV,4,24,4.82
DT2 7,SEPD,"HV,LV,PSI",9,267,4.8
OX11 0,SEPD,HV,5,11049,4.74
PH22 1,SHEPD,PSI,1,6,4.7
RG42 5,SEPD,"HV,LV",33,3463,4.63
OX1 4,SEPD,"HV,PSI",3,1706,4.63
GU33 7,SEPD,PSI,1,20,4.63
IV47 8,SHEPD,PSI,1,19,4.63
OX29 4,SEPD,PSI,1,17,4.63
SO41 5,SEPD,PSI,1,54,4.63
UB10 9,SEPD,LV,3,72,4.59
PO5 2,SEPD,LV,4,64,4.56
GU14 7,SEPD,LV,1,18,4.53
HP13 5,SEPD,LV,9,424,4.52
AB51 4,SHEPD,"LV,PSI",15,345,4.49
SO45 2,SEPD,PSI,1,5,4.48
W13 8,SEPD,LV,4,42,4.4
SL8 5,SEPD,HV,2,2154,4.4
GU16 9,SEPD,"HV,LV",4,94,4.38
RG1 4,SEPD,LV,4,21,4.35
BH31 6,SEPD,LV,7,161,4.34
GU20 6,SEPD,LV,13,254,4.18
PH32 4,SHEPD,PSI,2,48,4.16
PO13 0,SEPD,LV,3,48,4.11
SO15 8,SEPD,HV,16,1088,4.1
SN10 1,SEPD,"HV,LV",4,621,4.05
PH40 4,SHEPD,PSI,2,84,3.98
BA14 6,SEPD,HV,6,2328,3.96
SN7 7,SEPD,PSI,2,24,3.96
BA13 3,SEPD,PSI,3,93,3.93
AB45 2,SHEPD,PSI,2,28,3.9
GU11 2,SEPD,"HV,PSI",2,24,3.9
HS1 2,SHEPD,PSI,2,246,3.9
PH1 3,SHEPD,"HV,PSI",7,166,3.88
BA22 7,SEPD,HV,22,5272,3.84
UB4 0,SEPD,LV,1,4,3.83
OX25 1,SEPD,PSI,1,3,3.82
GU16 7,SEPD,"LV,PSI",2,468,3.78
KW16 3,SHEPD,HV,7,149,3.72
BH3 7,SEPD,LV,2,52,3.7
SL0 9,SEPD,LV,1,9,3.7
SO14 0,SEPD,LV,1,14,3.56
RG31 5,SEPD,LV,7,36,3.55
OX5 1,SEPD,LV,3,54,3.48
BA22 9,SEPD,PSI,1,20,3.38
IV12 4,SHEPD,HV,1,119,3.32
AB42 0,SHEPD,HV,22,682,3.3
W4 1,SEPD,LV,4,148,3.28
SO40 3,SEPD,LV,6,63,3.18
UB6 9,SEPD,LV,1,37,3.16
W5 2,SEPD,HV,68,102382,3.12
RG31 6,SEPD,LV,4,36,2.94
OX25 4,SEPD,"HV,PSI",10,557,2.93
AB53 5,SHEPD,PSI,1,20,2.93
FK21 8,SHEPD,PSI,1,4,2.93
PO19 1,SEPD,LV,3,18,2.91
RG4 5,SEPD,LV,13,476,2.85
OX2 8,SEPD,LV,9,72,2.82
SO40 2,SEPD,LV,1,11,2.81
SP11 8,SEPD,PSI,1,22,2.8
SL4 5,SEPD,LV,4,84,2.72
BH8 8,SEPD,PSI,2,46,2.68
DD8 3,SHEPD,HV,1,21,2.68
PH31 4,SHEPD,PSI,1,3,2.64
SO31 9,SEPD,LV,3,63,2.61
ZE3 9,SHEPD,HV,2,24,2.6
PA36 4,SHEPD,PSI,1,282,2.6
SN25 4,SEPD,LV,4,92,2.58
UB2 4,SEPD,LV,3,33,2.52
SO16 6,SEPD,LV,1,27,2.52
GU7 1,SEPD,"HV,LV,PSI",14,503,2.35
PH50 4,SHEPD,LV,1,3,2.33
AB12 4,SHEPD,"HV,LV",4,15412,2.32
OX28 1,SEPD,PSI,2,20,2.22
IV30 5,SHEPD,HV,1,26,2.22
HP10 0,SEPD,HV,85,91545,2.2
GU15 1,SEPD,"HV,LV",5,77,2.19
AB42 1,SHEPD,LV,3,33,2.19
RG9 4,SEPD,HV,3,567,2.19
PO19 6,SEPD,LV,2,20,2.12
GU51 2,SEPD,LV,2,14,2.08
PH7 3,SHEPD,HV,8,225,2.06
RG1 7,SEPD,"LV,PSI",7,151,2.03
PO20 2,SEPD,"HV,LV,PSI",4,240,2.02
PH9 0,SHEPD,PSI,1,3,2.0
SL1 7,SEPD,HV,1,49,2.0
IV56 8,SHEPD,PSI,1,8,1.98
AB45 3,SHEPD,"HV,PSI",3,32,1.95
BA11 6,SEPD,"LV,PSI",2,14,1.95
BH24 4,SEPD,PSI,1,9,1.95
IV36 0,SHEPD,PSI,1,115,1.95
RG21 4,SEPD,PSI,1,40,1.95
IV25 3,SHEPD,LV,5,14,1.92
PO20 3,SEPD,LV,3,33,1.84
RG4 6,SEPD,"HV,PSI",46,70198,1.76
TW16 7,SEPD,LV,1,26,1.73
UB3 4,SEPD,LV,1,30,1.73
PH2 6,SHEPD,PSI,1,4,1.7
RG2 0,SEPD,PSI,1,4,1.69
HP10 9,SEPD,"HV,LV,PSI",13,2366,1.58
RG20 7,SEPD,HV,1,275,1.58
HP9 1,SEPD,LV,1,12,1.56
OX4 6,SEPD,PSI,1,7,1.56
GU7 2,SEPD,PSI,1,12,1.52
WD3 1,SEPD,HV,3,3188,1.51
PA23 9,SHEPD,PSI,1,22,1.48
AB31 6,SHEPD,"HV,PSI",34,1419,1.43
PH10 7,SHEPD,PSI,1,40,1.43
GU12 5,SEPD,LV,1,8,1.22
PH25 3,SHEPD,"LV,PSI",2,19,1.21
PA21 2,SHEPD,PSI,1,6,1.21
OX29 5,SEPD,"HV,PSI",8,55,1.2
RG40 2,SEPD,HV,3,397,1.2
IV24 3,SHEPD,PSI,1,3,1.2
SN8 4,SEPD,PSI,1,27,1.14
SO31 8,SEPD,HV,2,2486,1.06
SO50 2,SEPD,HV,2,2486,1.06
SL6 8,SEPD,HV,1,601,0.92
BH8 1,SEPD,HV,1,31,0.83
SL9 9,SEPD,LV,1,18,0.7
SL1 4,SEPD,HV,1,49,0.6
PA61 7,SHEPD,PSI,2,34,0.52
PO33 4,SEPD,PSI,2,334,0.26
BH16 6,SEPD,"HV,LV",141,709798,0.0
SO45 5,SEPD,HV,94,77550,0.0
OX44 7,SEPD,HV,67,342504,0.0
W5 5,SEPD,"HV,LV",63,83244,0.0
SN5 7,SEPD,HV,57,77421,0.0
AB10 7,SHEPD,"HV,LV",53,40488,0.0
AB13 0,SHEPD,HV,50,256700,0.0
IV31 6,SHEPD,"HV,LV",49,15308,0.0
BA14 9,SEPD,HV,41,21853,0.0
SN11 9,SEPD,"HV,LV",27,216,0.0
DD4 9,SHEPD,LV,24,654,0.0
PH1 5,SHEPD,LV,18,705,0.0
PO22 6,SEPD,HV,18,10656,0.0
SO15 3,SEPD,HV,17,1156,0.0
PO38 1,SEPD,LV,16,271,0.0
SO45 4,SEPD,HV,16,13200,0.0
RG22 6,SEPD,"HV,LV",15,2649,0.0
AB15 4,SHEPD,"HV,LV",14,12451,0.0
BH21 5,SEPD,"HV,PSI",14,13918,0.0
PO22 7,SEPD,"HV,LV",14,7126,0.0
RG19 3,SEPD,HV,14,3556,0.0
AB15 8,SHEPD,"HV,LV",13,61613,0.0
SL4 3,SEPD,"HV,LV",13,2356,0.0
PA34 5,SHEPD,LV,12,125,0.0
PO12 3,SEPD,LV,12,444,0.0
AB12 5,SHEPD,HV,11,56474,0.0
AB32 6,SHEPD,"LV,PSI",11,235,0.0
NE31 2,SHEPD,LV,11,297,0.0
PO31 7,SEPD,LV,11,231,0.0
SN5 8,SEPD,"HV,PSI",11,3180,0.0
UB5 6,SEPD,LV,11,902,0.0
OX10 0,SEPD,LV,10,140,0.0
PO5 3,SEPD,LV,10,280,0.0
HS7 5,SHEPD,PSI,9,333,0.0
PO4 9,SEPD,LV,9,342,0.0
UB7 8,SEPD,LV,9,63,0.0
AB15 7,SHEPD,"HV,LV",8,13181,0.0
DD3 7,SHEPD,LV,8,268,0.0
PH2 0,SHEPD,LV,8,88,0.0
RG22 5,SEPD,"HV,LV",7,1149,0.0
SL6 7,SEPD,LV,7,301,0.0
UB10 8,SEPD,LV,7,168,0.0
UB3 2,SEPD,HV,7,5572,0.0
W3 9,SEPD,LV,7,210,0.0
AB24 5,SHEPD,HV,6,1440,0.0
AB54 8,SHEPD,LV,6,66,0.0
BA11 4,SEPD,LV,6,120,0.0
DD1 4,SHEPD,LV,6,132,0.0
IV3 8,SHEPD,LV,6,240,0.0
M50 2,SHEPD,LV,6,546,0.0
OX18 1,SEPD,LV,6,84,0.0
PO7 7,SEPD,LV,6,108,0.0
RG42 2,SEPD,LV,6,132,0.0
SL4 1,SEPD,LV,6,72,0.0
AB43 9,SHEPD,LV,5,75,0.0
BH21 3,SEPD,HV,5,21234,0.0
GU47 9,SEPD,LV,5,115,0.0
KY13 8,SHEPD,LV,5,35,0.0
OX26 3,SEPD,"LV,PSI",5,47,0.0
PO12 1,SEPD,LV,5,205,0.0
PO2 0,SEPD,LV,5,90,0.0
SL6 1,SEPD,LV,5,50,0.0
SN12 6,SEPD,LV,5,69,0.0
SO18 6,SEPD,LV,5,75,0.0
SP1 2,SEPD,LV,5,135,0.0
W3 8,SEPD,LV,5,100,0.0
AB24 1,SHEPD,HV,4,960,0.0
DD1 3,SHEPD,LV,4,32,0.0
DD11 5,SHEPD,HV,4,116,0.0
DT8 3,SEPD,PSI,4,316,0.0
GL54 2,SEPD,LV,4,32,0.0
GU11 3,SEPD,LV,4,76,0.0
GU27 3,SEPD,LV,4,26,0.0
PH1 2,SHEPD,LV,4,84,0.0
PO10 8,SEPD,LV,4,84,0.0
PO3 5,SEPD,LV,4,20,0.0
PO30 3,SEPD,HV,4,68,0.0
RG14 3,SEPD,LV,4,24,0.0
RG21 8,SEPD,LV,4,96,0.0
SL1 8,SEPD,HV,4,4308,0.0
SL3 0,SEPD,PSI,4,80,0.0
SN3 3,SEPD,LV,4,56,0.0
SP6 1,SEPD,LV,4,32,0.0
TW13 4,SEPD,LV,4,20,0.0
UB7 7,SEPD,LV,4,24,0.0
W4 3,SEPD,"HV,LV",4,3085,0.0
BA11 5,SEPD,HV,3,195,0.0
BH1 2,SEPD,LV,3,45,0.0
BH6 5,SEPD,LV,3,21,0.0
DD1 1,SHEPD,LV,3,21,0.0
DD1 2,SHEPD,LV,3,72,0.0
DT1 3,SEPD,HV,3,3861,0.0
OX25 6,SEPD,"HV,LV",3,72,0.0
PA20 0,SHEPD,"HV,LV",3,132,0.0
PA23 8,SHEPD,"HV,PSI",3,22,0.0
PO2 8,SEPD,LV,3,18,0.0
PO38 3,SEPD,LV,3,18,0.0
SO16 8,SEPD,LV,3,75,0.0
SO17 1,SEPD,LV,3,69,0.0
SO30 0,SEPD,LV,3,21,0.0
UB6 8,SEPD,LV,3,105,0.0
AB24 2,SHEPD,LV,2,48,0.0
AB39 3,SHEPD,HV,2,10268,0.0
AB42 2,SHEPD,LV,2,16,0.0
AB55 5,SHEPD,"HV,PSI",2,107,0.0
BA14 7,SEPD,PSI,2,10,0.0
BH1 4,SEPD,LV,2,58,0.0
BH13 6,SEPD,LV,2,18,0.0
BH5 1,SEPD,LV,2,44,0.0
DD11 1,SHEPD,LV,2,28,0.0
DD8 5,SHEPD,LV,2,14,0.0
GU10 5,SEPD,HV,2,6,0.0
IV63 7,SHEPD,HV,2,6,0.0
KW1 4,SHEPD,HV,2,6,0.0
KY13 7,SHEPD,LV,2,14,0.0
OX2 9,SEPD,LV,2,28,0.0
PA77 6,SHEPD,LV,2,8,0.0
PH5 2,SHEPD,HV,2,10,0.0
PO6 1,SEPD,LV,2,14,0.0
PO6 4,SEPD,LV,2,30,0.0
RG18 9,SEPD,HV,2,16,0.0
SA12 9,SEPD,LV,2,82,0.0
SW19 1,SEPD,HV,2,3073,0.0
TW3 3,SEPD,LV,2,6,0.0
TW7 4,SEPD,LV,2,36,0.0
TW7 7,SEPD,LV,2,42,0.0
UB3 3,SEPD,LV,2,4,0.0
W5 4,SEPD,HV,2,3073,0.0
W7 3,SEPD,HV,2,3073,0.0
AB11 5,SHEPD,HV,1,796,0.0
AB12 3,SHEPD,HV,1,5134,0.0
AB55 3,SHEPD,HV,1,102,0.0
BH14 9,SEPD,PSI,1,19,0.0
BH18 9,SEPD,HV,1,1262,0.0
BH25 7,SEPD,LV,1,10,0.0
DD10 9,SHEPD,HV,1,3,0.0
DD3 8,SHEPD,LV,1,4,0.0
DD7 2,SHEPD,LV,1,24,0.0
FK8 3,SHEPD,HV,1,26,0.0
GU15 4,SEPD,LV,1,4,0.0
GU34 1,SEPD,LV,1,6,0.0
IV1 2,SHEPD,HV,1,119,0.0
NE32 2,SHEPD,LV,1,27,0.0
NN13 5,SEPD,LV,1,2,0.0
OX2 0,SEPD,HV,1,851,0.0
OX8 7,SEPD,HV,1,2,0.0
PA21 8,SHEPD,PSI,1,6,0.0
PH17 2,SHEPD,PSI,1,2,0.0
RG19 4,SEPD,LV,1,2,0.0
RG21 5,SEPD,LV,1,20,0.0
RG21 6,SEPD,HV,1,351,0.0
SN13 3,SEPD,HV,1,2,0.0
SN25 5,SEPD,LV,1,10,0.0
SN26 7,SEPD,LV,1,10,0.0
SO19 6,SEPD,LV,1,11,0.0
SO51 7,SEPD,LV,1,4,0.0
UB1 3,SEPD,LV,1,6,0.0
UB8 3,SEPD,LV,1,7,0.0
